prob.FALSE,prob.TRUE,response
0.9997283796255942,2.716203744057566e-4,FALSE
0.9997326367592905,2.673632407095283e-4,FALSE
0.9997370484052226,2.6295159477740526e-4,FALSE
0.9997370484052226,2.6295159477740526e-4,FALSE
0.9997623116796603,2.3768832033965737e-4,FALSE
0.9996362776728347,3.637223271653056e-4,FALSE
0.9995427755929995,4.572244070004672e-4,FALSE
0.9996997001580894,3.0029984191060066e-4,FALSE
0.9992277080309577,7.722919690422714e-4,FALSE
0.9980711690150201,0.001928830984979868,FALSE
0.9996195429994259,3.8045700057409704e-4,FALSE
0.9995231522188988,4.768477811012417e-4,FALSE
0.9982208288274705,0.001779171172529459,FALSE
0.9997587458201451,2.412541798548773e-4,FALSE
0.999707019305788,2.9298069421201944e-4,FALSE
0.9997225846746005,2.774153253994882e-4,FALSE
0.9997225846746005,2.774153253994882e-4,FALSE
0.9997244769474491,2.755230525508523e-4,FALSE
0.9996924854058307,3.075145941693336e-4,FALSE
0.9996364634716883,3.635365283116698e-4,FALSE
0.9996580348524731,3.4196514752693474e-4,FALSE
0.998149874387309,0.0018501256126910448,FALSE
0.9966291193850338,0.003370880614966154,FALSE
0.9997223465179559,2.7765348204411566e-4,FALSE
0.9995478755154181,4.521244845818728e-4,FALSE
0.9996672355337068,3.3276446629315615e-4,FALSE
0.9997969501273474,2.0304987265262753e-4,FALSE
0.9993934018420987,6.065981579013169e-4,FALSE
0.9997801988356514,2.1980116434860975e-4,FALSE
0.9986645146273077,0.0013354853726923466,FALSE
0.9991887546493672,8.112453506328166e-4,FALSE
0.9998640554695157,1.3594453048426658e-4,FALSE
0.9994790484197438,5.209515802562237e-4,FALSE
0.9997108192765154,2.8918072348460555e-4,FALSE
0.9994919887976721,5.080112023279071e-4,FALSE
0.9995964299887419,4.035700112581253e-4,FALSE
0.9996917110111099,3.0828898889012635e-4,FALSE
0.9995992718322668,4.0072816773317754e-4,FALSE
0.9996855158533435,3.144841466564685e-4,FALSE
0.999688517942559,3.1148205744102597e-4,FALSE
0.9995871863793582,4.128136206418276e-4,FALSE
0.9996540412248578,3.4595877514220774e-4,FALSE
0.9996440551185515,3.559448814485222e-4,FALSE
0.9996772073500324,3.2279264996759593e-4,FALSE
0.9996326210093684,3.6737899063155055e-4,FALSE
0.9996612242539413,3.3877574605867267e-4,FALSE
0.9992488936986774,7.511063013225794e-4,FALSE
0.9994972707354464,5.027292645536363e-4,FALSE
0.9994706774596125,5.293225403875113e-4,FALSE
0.9997582364594564,2.4176354054361582e-4,FALSE
0.9983881753869355,0.0016118246130645275,FALSE
0.9995853089203592,4.14691079640761e-4,FALSE
0.9997091661498416,2.908338501583785e-4,FALSE
0.999851375236176,1.4862476382404566e-4,FALSE
0.9993828931474127,6.171068525873125e-4,FALSE
0.9996615428826772,3.3845711732283235e-4,FALSE
0.9979040573816746,0.0020959426183253527,FALSE
0.999647727352567,3.522726474329829e-4,FALSE
0.9997494879062288,2.5051209377124906e-4,FALSE
0.9996927719912492,3.072280087508261e-4,FALSE
0.9997208271233831,2.791728766169399e-4,FALSE
0.999646069452865,3.5393054713495076e-4,FALSE
0.9994056092691608,5.943907308392227e-4,FALSE
0.9993830689927563,6.169310072436929e-4,FALSE
0.9997769220935879,2.2307790641207248e-4,FALSE
0.9992073819739744,7.926180260255933e-4,FALSE
0.999508619948756,4.913800512440503e-4,FALSE
0.9996148687787354,3.8513122126460075e-4,FALSE
0.9993994690594263,6.005309405736625e-4,FALSE
0.9995172943163197,4.8270568368025124e-4,FALSE
0.999606650788337,3.9334921166300774e-4,FALSE
0.9996211878897157,3.7881211028434336e-4,FALSE
0.9996211878897157,3.7881211028434336e-4,FALSE
0.9995148591988254,4.8514080117456615e-4,FALSE
0.999379248241894,6.207517581060529e-4,FALSE
0.9996211878897157,3.7881211028434336e-4,FALSE
0.9996211878897157,3.7881211028434336e-4,FALSE
0.999641699163476,3.583008365239948e-4,FALSE
0.999575899244519,4.241007554810494e-4,FALSE
0.999208917550277,7.910824497230351e-4,FALSE
0.9996319265337661,3.6807346623390913e-4,FALSE
0.9996478414977901,3.521585022099316e-4,FALSE
0.9994607085245661,5.392914754338562e-4,FALSE
0.9995489908033051,4.5100919669494033e-4,FALSE
0.9996478414977901,3.521585022099316e-4,FALSE
0.9996478414977901,3.521585022099316e-4,FALSE
0.9996350721048657,3.649278951343149e-4,FALSE
0.9994475497514941,5.524502485059202e-4,FALSE
0.9995558284281287,4.4417157187126577e-4,FALSE
0.9994201948866248,5.798051133751869e-4,FALSE
0.9998076879710425,1.9231202895753086e-4,FALSE
0.9998092148452997,1.9078515470027924e-4,FALSE
0.9998524261754937,1.47573824506253e-4,FALSE
0.9997947004594607,2.0529954053927213e-4,FALSE
0.9998506800475297,1.4931995247025043e-4,FALSE
0.9998460728529608,1.539271470392123e-4,FALSE
0.9998506800475297,1.4931995247025043e-4,FALSE
0.9998296281410148,1.7037185898516327e-4,FALSE
0.9997588725382229,2.4112746177706867e-4,FALSE
0.9997483138577081,2.516861422918737e-4,FALSE
0.999862546697841,1.374533021589741e-4,FALSE
0.9996797181956936,3.202818043064326e-4,FALSE
0.9997818211850245,2.181788149755448e-4,FALSE
0.9996659807220567,3.340192779432982e-4,FALSE
0.9998590451577911,1.4095484220888466e-4,FALSE
0.9998590451577911,1.4095484220888466e-4,FALSE
0.9998590451577911,1.4095484220888466e-4,FALSE
0.9998045967658982,1.954032341018319e-4,FALSE
0.9998285211913753,1.714788086246699e-4,FALSE
0.999864300378249,1.3569962175097317e-4,FALSE
0.9998610937909689,1.3890620903111994e-4,FALSE
0.9998650765919592,1.3492340804077685e-4,FALSE
0.9998650765919592,1.3492340804077685e-4,FALSE
0.9995159535028506,4.8404649714939296e-4,FALSE
0.9997264463454485,2.7355365455150604e-4,FALSE
0.9992553968913853,7.446031086146832e-4,FALSE
0.9997809062624583,2.1909373754169792e-4,FALSE
0.9992081082309596,7.91891769040376e-4,FALSE
0.9997366577445064,2.63342255493626e-4,FALSE
0.9997708577866433,2.2914221335668117e-4,FALSE
0.9996273770520929,3.726229479070753e-4,FALSE
0.999673716374673,3.262836253270507e-4,FALSE
0.9995804951176979,4.1950488230213523e-4,FALSE
0.9997471774695441,2.528225304558873e-4,FALSE
0.9998406880185939,1.5931198140606284e-4,FALSE
0.9997471774695441,2.528225304558873e-4,FALSE
0.9997046044154558,2.953955845441669e-4,FALSE
0.9991885605850257,8.11439414974302e-4,FALSE
0.999424155219458,5.758447805419564e-4,FALSE
0.9995843047800008,4.1569521999917924e-4,FALSE
0.9998609872563975,1.3901274360250682e-4,FALSE
0.9997844691970386,2.155308029614389e-4,FALSE
0.9995972835167777,4.027164832223207e-4,FALSE
0.9997839447314618,2.1605526853818446e-4,FALSE
0.9998492898157565,1.5071018424350768e-4,FALSE
0.9997482202597894,2.5177974021062255e-4,FALSE
0.9997907948127249,2.0920518727507442e-4,FALSE
0.9997780145786237,2.2198542137630284e-4,FALSE
0.9966659860219806,0.0033340139780193567,FALSE
0.99968646367779,3.1353632220998406e-4,FALSE
0.999694805330364,3.051946696359664e-4,FALSE
0.9998544318514178,1.4556814858224243e-4,FALSE
0.9998128130973782,1.8718690262176096e-4,FALSE
0.9998082417005207,1.9175829947926104e-4,FALSE
0.9998278573766584,1.7214262334164232e-4,FALSE
0.999811394707649,1.886052923509851e-4,FALSE
0.9997795895906165,2.2041040938347578e-4,FALSE
0.9993163729086518,6.836270913481712e-4,FALSE
0.999714984674938,2.850153250619769e-4,FALSE
0.9997398391133174,2.6016088668257e-4,FALSE
0.999657083186321,3.429168136790395e-4,FALSE
0.9996996709669475,3.0032903305254877e-4,FALSE
0.9997148555703461,2.85144429653883e-4,FALSE
0.9997604643576778,2.3953564232215285e-4,FALSE
0.999755304743303,2.44695256697014e-4,FALSE
0.9996356467308942,3.6435326910577714e-4,FALSE
0.9997651099838549,2.3489001614507288e-4,FALSE
0.9996316773176659,3.6832268233411014e-4,FALSE
0.9995405272638891,4.594727361109108e-4,FALSE
0.9995141919062007,4.8580809379927814e-4,FALSE
0.9997474944975693,2.525055024307221e-4,FALSE
0.9997547334351111,2.4526656488887966e-4,FALSE
0.999723082233686,2.769177663139999e-4,FALSE
0.9997280173702165,2.7198262978345156e-4,FALSE
0.9997619899077108,2.3801009228918701e-4,FALSE
0.9997628721466754,2.3712785332463682e-4,FALSE
0.9997625475079985,2.3745249200146645e-4,FALSE
0.9998027762339916,1.9722376600839198e-4,FALSE
0.9997357117536012,2.6428824639879167e-4,FALSE
0.9996730886632577,3.269113367423415e-4,FALSE
0.9995844204677269,4.1557953227311373e-4,FALSE
0.9996716393216047,3.283606783952564e-4,FALSE
0.9994691105675884,5.308894324116409e-4,FALSE
0.9996264629880898,3.735370119102299e-4,FALSE
0.9996580237639137,3.4197623608633876e-4,FALSE
0.9996799679065589,3.2003209344111383e-4,FALSE
0.9997056185093243,2.943814906757325e-4,FALSE
0.9994859624421224,5.140375578776002e-4,FALSE
0.9996152992243879,3.8470077561214566e-4,FALSE
0.9996807334246114,3.1926657538861036e-4,FALSE
0.9996622759790625,3.377240209374577e-4,FALSE
0.9997047621000092,2.9523789999075234e-4,FALSE
0.9996819613152184,3.1803868478164077e-4,FALSE
0.9994422206655145,5.577793344855309e-4,FALSE
0.999716600694228,2.833993057720363e-4,FALSE
0.9997041912574787,2.958087425213307e-4,FALSE
0.9995104311383329,4.895688616670668e-4,FALSE
0.9997041912574787,2.958087425213307e-4,FALSE
0.9998096952040214,1.9030479597859085e-4,FALSE
0.9998450801213039,1.5491987869609147e-4,FALSE
0.9998476725450018,1.5232745499815792e-4,FALSE
0.9998463101510424,1.536898489575833e-4,FALSE
0.9998067385604372,1.932614395627752e-4,FALSE
0.999717226048233,2.827739517670125e-4,FALSE
0.999558412557235,4.415874427650124e-4,FALSE
0.9997425626497716,2.5743735022842884e-4,FALSE
0.9997221243102103,2.778756897896528e-4,FALSE
0.9997050574747846,2.9494252521544695e-4,FALSE
0.9994779617991298,5.220382008701563e-4,FALSE
0.9992640730924904,7.359269075095654e-4,FALSE
0.9997279076487757,2.7209235122427344e-4,FALSE
0.9997022377792746,2.9776222072541714e-4,FALSE
0.9994768300675787,5.231699324212968e-4,FALSE
0.9996969818312209,3.0301816877909005e-4,FALSE
0.9997432521777228,2.567478222772479e-4,FALSE
0.9995449479029048,4.550520970951766e-4,FALSE
0.9995224653393961,4.775346606038511e-4,FALSE
0.9997308328165673,2.6916718343272805e-4,FALSE
0.9996061291894875,3.938708105124533e-4,FALSE
0.9995407479291316,4.592520708683878e-4,FALSE
0.9995956143247895,4.043856752105057e-4,FALSE
0.999597219779389,4.027802206110209e-4,FALSE
0.9996410132735036,3.5898672649636865e-4,FALSE
0.9997882620664313,2.1173793356865644e-4,FALSE
0.9996612954710145,3.3870452898554504e-4,FALSE
0.9997140652849339,2.8593471506610513e-4,FALSE
0.9996091048524249,3.908951475750655e-4,FALSE
0.9994867761270143,5.132238729856908e-4,FALSE
0.9994716321816668,5.283678183332086e-4,FALSE
0.9994073414127342,5.926585872657597e-4,FALSE
0.9997134944132995,2.8650558670051396e-4,FALSE
0.9996478414977901,3.521585022099316e-4,FALSE
0.9996751961880364,3.248038119636476e-4,FALSE
0.9995654074009508,4.3459259904921055e-4,FALSE
0.9996478414977901,3.521585022099316e-4,FALSE
0.999499736877624,5.002631223760545e-4,FALSE
0.9996551995864138,3.448004135861993e-4,FALSE
0.9994160259375349,5.839740624651313e-4,FALSE
0.9995130685565528,4.8693144344724715e-4,FALSE
0.9996142926684115,3.857073315884918e-4,FALSE
0.9996142926684115,3.857073315884918e-4,FALSE
0.9996092613146175,3.907386853825301e-4,FALSE
0.9994888890068978,5.111109931021929e-4,FALSE
0.9996370670560282,3.629329439718276e-4,FALSE
0.9995536621136125,4.463378863874823e-4,FALSE
0.9987368558067828,0.0012631441932171583,FALSE
0.999320293427445,6.797065725550056e-4,FALSE
0.9996263077191543,3.736922808457166e-4,FALSE
0.9996389433508739,3.6105664912611246e-4,FALSE
0.9993474920047447,6.525079952552915e-4,FALSE
0.9994052114780061,5.947885219939053e-4,FALSE
0.9994622474187054,5.37752581294626e-4,FALSE
0.9996441429830156,3.5585701698437333e-4,FALSE
0.9997135197918396,2.864802081603557e-4,FALSE
0.9992964685079642,7.03531492035836e-4,FALSE
0.9997357465326786,2.642534673213959e-4,FALSE
0.9995178824174218,4.82117582578212e-4,FALSE
0.9991622425732203,8.377574267797172e-4,FALSE
0.9992919269716367,7.080730283632874e-4,FALSE
0.9989706742344424,0.0010293257655575871,FALSE
0.998536484548822,0.0014635154511779547,FALSE
0.999325480486732,6.745195132680237e-4,FALSE
0.9994530558469705,5.469441530294716e-4,FALSE
0.9994530558469705,5.469441530294716e-4,FALSE
0.9987755870679393,0.001224412932060659,FALSE
0.9993539719143882,6.460280856117606e-4,FALSE
0.9981603359337896,0.0018396640662103891,FALSE
0.9993151521775872,6.848478224128485e-4,FALSE
0.9992192821810022,7.807178189978004e-4,FALSE
0.9993125004693866,6.874995306134224e-4,FALSE
0.9993653321871534,6.34667812846601e-4,FALSE
0.9992050674045458,7.949325954541564e-4,FALSE
0.9988317863317207,0.0011682136682793498,FALSE
0.9990339316427708,9.660683572292328e-4,FALSE
0.9982922920025885,0.0017077079974114895,FALSE
0.9994365362799726,5.634637200273573e-4,FALSE
0.9989695959957317,0.0010304040042683482,FALSE
0.9990724900271744,9.275099728256464e-4,FALSE
0.9991826044279151,8.173955720849335e-4,FALSE
0.9993421557592228,6.578442407771945e-4,FALSE
0.9993133281241171,6.866718758828938e-4,FALSE
0.9990738332271576,9.261667728424072e-4,FALSE
0.9993995279655792,6.004720344208181e-4,FALSE
0.999298179463949,7.018205360509455e-4,FALSE
0.9990908924373798,9.091075626201928e-4,FALSE
0.9993274484877475,6.725515122525394e-4,FALSE
0.9993949112831615,6.050887168385088e-4,FALSE
0.9989856146275997,0.0010143853724002838,FALSE
0.999456413264852,5.435867351479828e-4,FALSE
0.9994472042308189,5.527957691811025e-4,FALSE
0.9991463086334988,8.536913665011525e-4,FALSE
0.9989259301219136,0.0010740698780864477,FALSE
0.9993610467063263,6.389532936736941e-4,FALSE
0.9995003739604726,4.996260395273566e-4,FALSE
0.9993680700426921,6.319299573078752e-4,FALSE
0.9988535642623901,0.0011464357376098633,FALSE
0.9993680700426921,6.319299573078752e-4,FALSE
0.9994668301078491,5.331698921509087e-4,FALSE
0.9989486195845529,0.0010513804154470563,FALSE
0.9995009461417794,4.990538582205772e-4,FALSE
0.9993357404018752,6.642595981247723e-4,FALSE
0.9993409176240675,6.590823759324849e-4,FALSE
0.9994563215295784,5.436784704215825e-4,FALSE
0.9994213145109825,5.786854890175164e-4,FALSE
0.9994528457173146,5.471542826853693e-4,FALSE
0.9973275493830442,0.002672450616955757,FALSE
0.9994668438448571,5.331561551429331e-4,FALSE
0.9992876406176947,7.123593823052943e-4,FALSE
0.9994668438448571,5.331561551429331e-4,FALSE
0.9993939733831212,6.060266168788075e-4,FALSE
0.9992985218414105,7.014781585894525e-4,FALSE
0.9992941832751967,7.058167248032987e-4,FALSE
0.9992245028843172,7.754971156828105e-4,FALSE
0.9988359473645687,0.0011640526354312897,FALSE
0.9990182076580822,9.817923419177532e-4,FALSE
0.9991896207211539,8.103792788460851e-4,FALSE
0.9990965372999199,9.034627000801265e-4,FALSE
0.9988569696433842,0.0011430303566157818,FALSE
0.9985973947914317,0.001402605208568275,FALSE
0.9980357154272497,0.00196428457275033,FALSE
0.9988405763870105,0.0011594236129894853,FALSE
0.9992156087537296,7.843912462703884e-4,FALSE
0.9993342009256594,6.657990743406117e-4,FALSE
0.9992156087537296,7.843912462703884e-4,FALSE
0.998945222585462,0.0010547774145379663,FALSE
0.9992402117932215,7.597882067784667e-4,FALSE
0.9992177987587638,7.822012412361801e-4,FALSE
0.9992108103469945,7.89189653005451e-4,FALSE
0.9990944491000846,9.055508999153972e-4,FALSE
0.9991841125302017,8.158874697983265e-4,FALSE
0.9988241824321449,0.0011758175678551197,FALSE
0.9991251926985569,8.748073014430702e-4,FALSE
0.9990533059462905,9.46694053709507e-4,FALSE
0.9986765346257016,0.0013234653742983937,FALSE
0.9994222579989582,5.7774200104177e-4,FALSE
0.9995334755803924,4.665244196075946e-4,FALSE
0.9995393356948625,4.6066430513747036e-4,FALSE
0.9974410661961883,0.0025589338038116693,FALSE
0.9994222579989582,5.7774200104177e-4,FALSE
0.9994542166823521,5.457833176478744e-4,FALSE
0.9993396903737448,6.603096262551844e-4,FALSE
0.9994151636492461,5.848363507539034e-4,FALSE
0.9992022983497009,7.977016502991319e-4,FALSE
0.9988368208287284,0.0011631791712716222,FALSE
0.9994305938016623,5.694061983376741e-4,FALSE
0.9993986947229132,6.013052770867944e-4,FALSE
0.9994633856113069,5.366143886931241e-4,FALSE
0.9992421099450439,7.578900549560785e-4,FALSE
0.9993731339927763,6.268660072237253e-4,FALSE
0.9993796899798326,6.203100201673806e-4,FALSE
0.9991506236838177,8.493763161823153e-4,FALSE
0.9993205635691993,6.794364308007061e-4,FALSE
0.9994120707851835,5.879292148165405e-4,FALSE
0.9994440794107504,5.559205892495811e-4,FALSE
0.9994530558469705,5.469441530294716e-4,FALSE
0.9994530558469705,5.469441530294716e-4,FALSE
0.999015751061961,9.842489380389452e-4,FALSE
0.9994021366001107,5.978633998893201e-4,FALSE
0.9988953029969707,0.0011046970030292869,FALSE
0.9992891277652234,7.108722347766161e-4,FALSE
0.9991598467458971,8.401532541029155e-4,FALSE
0.9994578888872638,5.421111127361655e-4,FALSE
0.9992841753410175,7.158246589824557e-4,FALSE
0.9990929733612575,9.070266387425363e-4,FALSE
0.999433743127156,5.66256872843951e-4,FALSE
0.999320388014894,6.796119851060212e-4,FALSE
0.9992521049571224,7.478950428776443e-4,FALSE
0.9994229783769697,5.770216230303049e-4,FALSE
0.9994229783769697,5.770216230303049e-4,FALSE
0.9994229783769697,5.770216230303049e-4,FALSE
0.9992894671158865,7.105328841134906e-4,FALSE
0.9992328381049447,7.671618950553238e-4,FALSE
0.999092326615937,9.076733840629458e-4,FALSE
0.9992726995842531,7.273004157468677e-4,FALSE
0.9994242754182778,5.757245817221701e-4,FALSE
0.9991571910795756,8.428089204244316e-4,FALSE
0.9991539315087721,8.460684912279248e-4,FALSE
0.9996108564082533,3.891435917466879e-4,FALSE
0.9994518163148314,5.481836851686239e-4,FALSE
0.9996474091603886,3.525908396113664e-4,FALSE
0.9993766758707352,6.233241292648017e-4,FALSE
0.9994706436409615,5.29356359038502e-4,FALSE
0.9994524727226235,5.475272773765028e-4,FALSE
0.9994050447712652,5.949552287347615e-4,FALSE
0.9994472042308189,5.527957691811025e-4,FALSE
0.9993919333210215,6.080666789785028e-4,FALSE
0.9993231035186909,6.768964813090861e-4,FALSE
0.9994808617047966,5.191382952034473e-4,FALSE
0.9994306914741173,5.693085258826613e-4,FALSE
0.9993843694683164,6.156305316835642e-4,FALSE
0.9994567157700658,5.432842299342155e-4,FALSE
0.9989940384402871,0.0010059615597128868,FALSE
0.9991176543408073,8.823456591926515e-4,FALSE
0.9993675868608989,6.324131391011178e-4,FALSE
0.9994177388143726,5.822611856274307e-4,FALSE
0.9994533008430153,5.466991569846869e-4,FALSE
0.9994754748768173,5.245251231826842e-4,FALSE
0.9994458659202792,5.54134079720825e-4,FALSE
0.9994483984773979,5.516015226021409e-4,FALSE
0.999485372682102,5.146273178979754e-4,FALSE
0.9994548826362006,5.451173637993634e-4,FALSE
0.9993187604122795,6.812395877204835e-4,FALSE
0.9995048014097847,4.951985902152956e-4,FALSE
0.999485372682102,5.146273178979754e-4,FALSE
0.9993499512202106,6.500487797893584e-4,FALSE
0.9990411702310666,9.588297689333558e-4,FALSE
0.9990676247398369,9.323752601630986e-4,FALSE
0.9991452211979777,8.547788020223379e-4,FALSE
0.99948971363483,5.102863651700318e-4,FALSE
0.99948971363483,5.102863651700318e-4,FALSE
0.9994330243207514,5.669756792485714e-4,FALSE
0.9994330243207514,5.669756792485714e-4,FALSE
0.999119974207133,8.800257928669453e-4,FALSE
0.9992956225178204,7.043774821795523e-4,FALSE
0.9993256707093678,6.743292906321585e-4,FALSE
0.9993493276997469,6.506723002530634e-4,FALSE
0.9993455582298338,6.544417701661587e-4,FALSE
0.9987001746194437,0.0012998253805562854,FALSE
0.9990008610766381,9.991389233618975e-4,FALSE
0.9992219884879887,7.780115120112896e-4,FALSE
0.9987473846413195,0.0012526153586804867,FALSE
0.9992780176689848,7.219823310151696e-4,FALSE
0.9982974688755348,0.0017025311244651675,FALSE
0.9992579073295929,7.420926704071462e-4,FALSE
0.9978939900174737,0.0021060099825263023,FALSE
0.9991042345645837,8.957654354162514e-4,FALSE
0.9992995839565992,7.004160434007645e-4,FALSE
0.999120312044397,8.796879556030035e-4,FALSE
0.9992995839565992,7.004160434007645e-4,FALSE
0.9992817275924608,7.182724075391889e-4,FALSE
0.9992995839565992,7.004160434007645e-4,FALSE
0.9990334953181446,9.665046818554401e-4,FALSE
0.9989668033085763,0.0010331966914236546,FALSE
0.9991779208066873,8.220791933126748e-4,FALSE
0.9992356773582287,7.643226417712867e-4,FALSE
0.9992817275924608,7.182724075391889e-4,FALSE
0.9990925444872119,9.074555127881467e-4,FALSE
0.9990845140418969,9.154859581030905e-4,FALSE
0.9987104143947363,0.00128958560526371,FALSE
0.9992080749943852,7.919250056147575e-4,FALSE
0.9979688620660454,0.0020311379339545965,FALSE
0.9988066570367664,0.0011933429632335901,FALSE
0.9987934820819646,0.001206517918035388,FALSE
0.9991193602327257,8.806397672742605e-4,FALSE
0.9991096192970872,8.903807029128075e-4,FALSE
0.9992624189471826,7.375810528174043e-4,FALSE
0.9986043062526733,0.0013956937473267317,FALSE
0.9988918795716017,0.0011081204283982515,FALSE
0.9986666954355314,0.0013333045644685626,FALSE
0.9993876494118012,6.123505881987512e-4,FALSE
0.9990126987686381,9.873012313619256e-4,FALSE
0.9993721953360364,6.278046639636159e-4,FALSE
0.9992567474255338,7.432525744661689e-4,FALSE
0.9993430197937414,6.56980206258595e-4,FALSE
0.9993714559241198,6.285440758801997e-4,FALSE
0.999532635207288,4.673647927120328e-4,FALSE
0.9989692297531292,0.0010307702468708158,FALSE
0.9995092134922743,4.907865077257156e-4,FALSE
0.999266404134687,7.335958653129637e-4,FALSE
0.9994343381258659,5.656618741340935e-4,FALSE
0.9994082202902064,5.917797097936273e-4,FALSE
0.9990897830575705,9.102169424295425e-4,FALSE
0.9994399961433373,5.600038566626608e-4,FALSE
0.9983177703106776,0.001682229689322412,FALSE
0.9992356249713339,7.643750286661088e-4,FALSE
0.999446859001182,5.531409988179803e-4,FALSE
0.9994194699684158,5.805300315842032e-4,FALSE
0.9993030019104481,6.969980895519257e-4,FALSE
0.9992076077614911,7.923922385089099e-4,FALSE
0.9977806557435542,0.0022193442564457655,FALSE
0.9993168808869086,6.831191130913794e-4,FALSE
0.9993168808869086,6.831191130913794e-4,FALSE
0.9993967516347766,6.032483652234077e-4,FALSE
0.9997424455650616,2.575544349383563e-4,FALSE
0.999224460858386,7.755391416139901e-4,FALSE
0.9993705231463537,6.29476853646338e-4,FALSE
0.999400080065243,5.999199347570539e-4,FALSE
0.9994906204519793,5.093795480206609e-4,FALSE
0.9995105529087596,4.894470912404358e-4,FALSE
0.9994969898834825,5.030101165175438e-4,FALSE
0.9989788193488494,0.0010211806511506438,FALSE
0.9986941973911598,0.0013058026088401675,FALSE
0.999389854434412,6.101455655880272e-4,FALSE
0.9984410750912502,0.0015589249087497592,FALSE
0.9991542852949351,8.457147050648928e-4,FALSE
0.9994734491338022,5.265508661977947e-4,FALSE
0.9995259055576753,4.7409444232471287e-4,FALSE
0.9997449320799205,2.550679200794548e-4,FALSE
0.999702592700487,2.9740729951299727e-4,FALSE
0.9997649488941533,2.350511058466509e-4,FALSE
0.9534918777644634,0.046508122235536575,FALSE
0.952015470713377,0.047984529286623,FALSE
0.9198168814182281,0.08018311858177185,FALSE
0.9629920460283756,0.037007953971624374,FALSE
0.9993596519343555,6.403480656445026e-4,FALSE
0.9996831325988751,3.168674011249095e-4,FALSE
0.9994998389156535,5.001610843464732e-4,FALSE
0.999292446358595,7.075536414049566e-4,FALSE
0.9996244116046,3.755883953999728e-4,FALSE
0.9996838085644413,3.161914355587214e-4,FALSE
0.9968905746936798,0.0031094253063201904,FALSE
0.9994510984397493,5.489015602506697e-4,FALSE
0.9997304730350152,2.695269649848342e-4,FALSE
0.9993070301716216,6.929698283784091e-4,FALSE
0.9992961855023168,7.038144976831973e-4,FALSE
0.9992961855023168,7.038144976831973e-4,FALSE
0.9994109759572893,5.890240427106619e-4,FALSE
0.999768489782582,2.3151021741796285e-4,FALSE
0.9997710984316655,2.2890156833454967e-4,FALSE
0.9995449843409006,4.5501565909944475e-4,FALSE
0.9996426740544848,3.573259455151856e-4,FALSE
0.9997215618495829,2.7843815041705966e-4,FALSE
0.9997825416357955,2.174583642045036e-4,FALSE
0.9994520305190235,5.479694809764624e-4,FALSE
0.9997846834157826,2.153165842173621e-4,FALSE
0.9997318139357958,2.681860642042011e-4,FALSE
0.9989712918177247,0.0010287081822752953,FALSE
0.9994740555994213,5.259444005787373e-4,FALSE
0.9997660072258441,2.3399277415592223e-4,FALSE
0.9995150427275803,4.84957272419706e-4,FALSE
0.9994059094460681,5.940905539318919e-4,FALSE
0.9994059094460681,5.940905539318919e-4,FALSE
0.9996835057681892,3.164942318107933e-4,FALSE
0.9997099959582556,2.900040417443961e-4,FALSE
0.9992154996143654,7.845003856346011e-4,FALSE
0.999476362077985,5.236379220150411e-4,FALSE
0.9993445501313545,6.55449868645519e-4,FALSE
0.9996628958615474,3.371041384525597e-4,FALSE
0.999588941282127,4.1105871787294745e-4,FALSE
0.999446565285325,5.534347146749496e-4,FALSE
0.9992520372616127,7.479627383872867e-4,FALSE
0.9996938144322485,3.0618556775152683e-4,FALSE
0.9996911303023808,3.0886969761922956e-4,FALSE
0.9995849588885903,4.1504111140966415e-4,FALSE
0.9996815933263861,3.184066736139357e-4,FALSE
0.9995346103969496,4.6538960305042565e-4,FALSE
0.9996299400518183,3.700599481817335e-4,FALSE
0.9995440178026911,4.559821973089129e-4,FALSE
0.9994920071912929,5.079928087070584e-4,FALSE
0.9992729559307918,7.270440692082047e-4,FALSE
0.9996308793779463,3.691206220537424e-4,FALSE
0.9995858501642942,4.1414983570575714e-4,FALSE
0.999500836187508,4.991638124920428e-4,FALSE
0.9995553259795997,4.446740204002708e-4,FALSE
0.9997049911180511,2.950088819488883e-4,FALSE
0.9997123149514664,2.8768504853360355e-4,FALSE
0.9994470055680722,5.529944319278002e-4,FALSE
0.999697339546401,3.0266045359894633e-4,FALSE
0.9997454505064525,2.54549493547529e-4,FALSE
0.9995052934973501,4.947065026499331e-4,FALSE
0.99965230433736,3.4769566264003515e-4,FALSE
0.9997370484052226,2.6295159477740526e-4,FALSE
0.9996840622916352,3.159377083647996e-4,FALSE
0.9997448447393253,2.5515526067465544e-4,FALSE
0.9995216854149476,4.7831458505243063e-4,FALSE
0.9997553670255002,2.4463297449983656e-4,FALSE
0.9996997001580894,3.0029984191060066e-4,FALSE
0.9997370484052226,2.6295159477740526e-4,FALSE
0.9997623116796603,2.3768832033965737e-4,FALSE
0.9996746975521091,3.253024478908628e-4,FALSE
0.999159277358558,8.407226414419711e-4,FALSE
0.9995809279789682,4.1907202103175223e-4,FALSE
0.99956246939837,4.3753060162998736e-4,FALSE
0.9995006530079991,4.993469920009375e-4,FALSE
0.9992385032819584,7.614967180415988e-4,FALSE
0.9996997001580894,3.0029984191060066e-4,FALSE
0.9996791815792676,3.2081842073239386e-4,FALSE
0.9996618621808011,3.381378191988915e-4,FALSE
0.9996751522121485,3.2484778785146773e-4,FALSE
0.9993652862031013,6.347137968987226e-4,FALSE
0.9996268961112946,3.731038887053728e-4,FALSE
0.9995058689382859,4.941310617141426e-4,FALSE
0.9997092470875941,2.907529124058783e-4,FALSE
0.9996141418814659,3.8585811853408813e-4,FALSE
0.9994907156215049,5.092843784950674e-4,FALSE
0.9997157374746166,2.8426252538338304e-4,FALSE
0.9996171770908404,3.8282290915958583e-4,FALSE
0.9997256193601061,2.7438063989393413e-4,FALSE
0.9997876227425877,2.1237725741229951e-4,FALSE
0.999777527860715,2.2247213928494602e-4,FALSE
0.9993370760930702,6.62923906929791e-4,FALSE
0.9996985335310455,3.0146646895445883e-4,FALSE
0.9995444548549131,4.555451450869441e-4,FALSE
0.9984283334342763,0.0015716665657237172,FALSE
0.9996844842971768,3.15515702823177e-4,FALSE
0.9996805552800652,3.1944471993483603e-4,FALSE
0.9995758482837118,4.2415171628817916e-4,FALSE
0.9994683160330169,5.316839669831097e-4,FALSE
0.9994636188494042,5.363811505958438e-4,FALSE
0.9996679856267292,3.3201437327079475e-4,FALSE
0.9996684322832152,3.3156771678477526e-4,FALSE
0.9997165885288268,2.8341147117316723e-4,FALSE
0.9996126363403164,3.8736365968361497e-4,FALSE
0.9994866224587895,5.133775412105024e-4,FALSE
0.9997316376829986,2.683623170014471e-4,FALSE
0.9991762434947304,8.237565052695572e-4,FALSE
0.9997079324093647,2.920675906352699e-4,FALSE
0.9996504278096836,3.4957219031639397e-4,FALSE
0.9992428246769123,7.571753230877221e-4,FALSE
0.9996261038759258,3.7389612407423556e-4,FALSE
0.9995677010156214,4.322989843785763e-4,FALSE
0.999589459359413,4.1054064058698714e-4,FALSE
0.9996177430730313,3.8225692696869373e-4,FALSE
0.9996563003223855,3.4369967761449516e-4,FALSE
0.9996989829814993,3.010170185007155e-4,FALSE
0.9996986427286174,3.0135727138258517e-4,FALSE
0.9997082577319816,2.917422680184245e-4,FALSE
0.9997313348285388,2.6866517146117985e-4,FALSE
0.9996303691586945,3.696308413054794e-4,FALSE
0.9997078530432191,2.921469567809254e-4,FALSE
0.9997237301722635,2.7626982773654163e-4,FALSE
0.9997898553992854,2.1014460071455687e-4,FALSE
0.9996472050552256,3.5279494477435946e-4,FALSE
0.999762026433018,2.379735669819638e-4,FALSE
0.9996637557342183,3.362442657817155e-4,FALSE
0.999725247384049,2.7475261595100164e-4,FALSE
0.9998626753513236,1.3732464867644012e-4,FALSE
0.9998222196154529,1.7778038454707712e-4,FALSE
0.9998614480427932,1.3855195720680058e-4,FALSE
0.9997720154060517,2.2798459394834936e-4,FALSE
0.9996860838145949,3.1391618540510535e-4,FALSE
0.9997003545286134,2.9964547138661146e-4,FALSE
0.9995058053173125,4.94194682687521e-4,FALSE
0.9992134958156385,7.865041843615472e-4,FALSE
0.9996096857066732,3.9031429332681e-4,FALSE
0.9991281376569532,8.718623430468142e-4,FALSE
0.999647338554496,3.5266144550405443e-4,FALSE
0.9996184359188192,3.8156408118084073e-4,FALSE
0.9996284717053641,3.715282946359366e-4,FALSE
0.9996284717053641,3.715282946359366e-4,FALSE
0.9995877703477163,4.122296522837132e-4,FALSE
0.9985141580691561,0.0014858419308438897,FALSE
0.9990872992784716,9.127007215283811e-4,FALSE
0.9996753927262034,3.246072737965733e-4,FALSE
0.9995433383737691,4.566616262309253e-4,FALSE
0.9993501116405241,6.498883594758809e-4,FALSE
0.9979027323424816,0.002097267657518387,FALSE
0.9994212373276241,5.787626723758876e-4,FALSE
0.9996751323633362,3.248676366638392e-4,FALSE
0.9991528512910008,8.47148708999157e-4,FALSE
0.9995233139779884,4.766860220115632e-4,FALSE
0.9994545203517191,5.454796482808888e-4,FALSE
0.999575277819531,4.247221804689616e-4,FALSE
0.9992882370715961,7.11762928403914e-4,FALSE
0.99942111375276,5.788862472400069e-4,FALSE
0.9996459527174011,3.540472825989127e-4,FALSE
0.9994908917578869,5.091082421131432e-4,FALSE
0.9996387422725093,3.6125772749073803e-4,FALSE
0.9995278484129813,4.7215158701874316e-4,FALSE
0.9996936687093694,3.063312906306237e-4,FALSE
0.9996298257319722,3.7017426802776754e-4,FALSE
0.9997041684109718,2.9583158902823925e-4,FALSE
0.9997225846746005,2.774153253994882e-4,FALSE
0.9996012937044725,3.987062955275178e-4,FALSE
0.9996131692023482,3.8683079765178263e-4,FALSE
0.9995780646859203,4.219353140797466e-4,FALSE
0.9997419143619481,2.580856380518526e-4,FALSE
0.9997443194442894,2.55680555710569e-4,FALSE
0.999751370807644,2.486291923560202e-4,FALSE
0.9997107991366647,2.892008633352816e-4,FALSE
0.9997310636972543,2.689363027457148e-4,FALSE
0.9995971556636505,4.028443363495171e-4,FALSE
0.9997026443015784,2.973556984215975e-4,FALSE
0.999713187222369,2.868127776309848e-4,FALSE
0.9993677266174927,6.322733825072646e-4,FALSE
0.9993330813013017,6.669186986982822e-4,FALSE
0.9995738888392225,4.261111607775092e-4,FALSE
0.9996223924972583,3.7760750274173915e-4,FALSE
0.9993677266174927,6.322733825072646e-4,FALSE
0.9994835840188898,5.164159811101854e-4,FALSE
0.9995956170314457,4.0438296855427325e-4,FALSE
0.9996371116722003,3.6288832779973745e-4,FALSE
0.999474439478945,5.255605210550129e-4,FALSE
0.9995206762687303,4.793237312696874e-4,FALSE
0.9993576249689795,6.423750310204923e-4,FALSE
0.9997060010791756,2.9399892082437873e-4,FALSE
0.9994278437225148,5.721562774851918e-4,FALSE
0.9988201467785984,0.0011798532214015722,FALSE
0.999496893491596,5.031065084040165e-4,FALSE
0.9996804307156708,3.1956928432919085e-4,FALSE
0.999153635581024,8.463644189760089e-4,FALSE
0.9997174451418687,2.825548581313342e-4,FALSE
0.9995200362172909,4.799637827090919e-4,FALSE
0.9996262709901202,3.73729009879753e-4,FALSE
0.9995607551827561,4.39244817243889e-4,FALSE
0.9996300769271329,3.6992307286709547e-4,FALSE
0.9997284257551655,2.7157424483448267e-4,FALSE
0.999557037721388,4.42962278611958e-4,FALSE
0.9997350111079868,2.649888920132071e-4,FALSE
0.9998556366626872,1.4436333731282502e-4,FALSE
0.9998054589814274,1.9454101857263595e-4,FALSE
0.9997483515471686,2.516484528314322e-4,FALSE
0.9997826757607982,2.1732423920184374e-4,FALSE
0.9997851657390129,2.148342609871179e-4,FALSE
0.9996709558763541,3.290441236458719e-4,FALSE
0.9997483515471686,2.516484528314322e-4,FALSE
0.9989356037694961,0.0010643962305039167,FALSE
0.9997420944273472,2.5790557265281677e-4,FALSE
0.9996861035760958,3.1389642390422523e-4,FALSE
0.9997251431050245,2.748568949755281e-4,FALSE
0.9997441419400275,2.5585805997252464e-4,FALSE
0.9997235620685387,2.764379314612597e-4,FALSE
0.9996977141418029,3.022858581971377e-4,FALSE
0.9996520440327004,3.479559672996402e-4,FALSE
0.999695340229664,3.046597703360021e-4,FALSE
0.9996696161688305,3.3038383116945624e-4,FALSE
0.9996977141418029,3.022858581971377e-4,FALSE
0.9996785539551638,3.214460448361933e-4,FALSE
0.999621130846208,3.7886915379203856e-4,FALSE
0.9994787434116006,5.212565883994102e-4,FALSE
0.9995548921579029,4.451078420970589e-4,FALSE
0.9994695784407668,5.304215592332184e-4,FALSE
0.9996831325988751,3.168674011249095e-4,FALSE
0.9997253207257017,2.746792742982507e-4,FALSE
0.9995691688673105,4.308311326894909e-4,FALSE
0.9997247752035037,2.752247964963317e-4,FALSE
0.9997247752035037,2.752247964963317e-4,FALSE
0.9997247752035037,2.752247964963317e-4,FALSE
0.9997247752035037,2.752247964963317e-4,FALSE
0.9997235133196227,2.7648668037727475e-4,FALSE
0.9996185846393928,3.814153606072068e-4,FALSE
0.9996231721306685,3.7682786933146417e-4,FALSE
0.9996394671907183,3.605328092817217e-4,FALSE
0.9995809994579758,4.190005420241505e-4,FALSE
0.9994385680765845,5.614319234155118e-4,FALSE
0.9989430358400568,0.0010569641599431634,FALSE
0.9996874968055636,3.1250319443643093e-4,FALSE
0.9989688958739862,0.0010311041260138154,FALSE
0.9996481582929846,3.5184170701541007e-4,FALSE
0.9996872804185841,3.1271958141587675e-4,FALSE
0.9989558493252844,0.0010441506747156382,FALSE
0.9991093495045789,8.906504954211414e-4,FALSE
0.9991447364445776,8.552635554224253e-4,FALSE
0.999604917538818,3.9508246118202806e-4,FALSE
0.9997437066049315,2.5629339506849647e-4,FALSE
0.9983730822568759,0.0016269177431240678,FALSE
0.9993258538306691,6.741461693309247e-4,FALSE
0.9997411553631537,2.5884463684633374e-4,FALSE
0.9996203592745587,3.7964072544127703e-4,FALSE
0.9996502101130318,3.4978988696821034e-4,FALSE
0.9989823235664517,0.0010176764335483313,FALSE
0.9997644715185743,2.3552848142571747e-4,FALSE
0.9997150813869666,2.849186130333692e-4,FALSE
0.9995801229961216,4.19877003878355e-4,FALSE
0.9997211715963203,2.78828403679654e-4,FALSE
0.9997211715963203,2.78828403679654e-4,FALSE
0.9991428053472191,8.571946527808905e-4,FALSE
0.9996181135065854,3.818864934146404e-4,FALSE
0.9994907957152463,5.092042847536504e-4,FALSE
0.9994750722544268,5.249277455732226e-4,FALSE
0.999713187222369,2.868127776309848e-4,FALSE
0.9996731014398392,3.26898560160771e-4,FALSE
0.9995337809668854,4.662190331146121e-4,FALSE
0.9993043231661431,6.956768338568509e-4,FALSE
0.999701401713537,2.985982864629477e-4,FALSE
0.9995789879758377,4.210120241623372e-4,FALSE
0.9997101874905638,2.898125094361603e-4,FALSE
0.9997072655824013,2.9273441759869456e-4,FALSE
0.999735876248451,2.641237515490502e-4,FALSE
0.9996852050826419,3.147949173580855e-4,FALSE
0.9997949975950178,2.050024049822241e-4,FALSE
0.9997331588238012,2.6684117619879544e-4,FALSE
0.9997682923713,2.3170762869995087e-4,FALSE
0.9994529969408177,5.470030591823161e-4,FALSE
0.9995818250754382,4.1817492456175387e-4,FALSE
0.9995403818320483,4.5961816795170307e-4,FALSE
0.999600161681883,3.998383181169629e-4,FALSE
0.999608707788866,3.912922111339867e-4,FALSE
0.9996479526162148,3.520473837852478e-4,FALSE
0.9996694847941399,3.3051520586013794e-4,FALSE
0.999597185611492,4.0281438850797713e-4,FALSE
0.9995398509199731,4.601490800268948e-4,FALSE
0.9995699255377986,4.300744622014463e-4,FALSE
0.9996506270545069,3.4937294549308717e-4,FALSE
0.9995289533690084,4.710466309916228e-4,FALSE
0.9995829302060883,4.170697939116508e-4,FALSE
0.9993153838440776,6.846161559224129e-4,FALSE
0.9997226690175012,2.773309824988246e-4,FALSE
0.999690869852202,3.0913014779798687e-4,FALSE
0.9996401961252559,3.5980387474410236e-4,FALSE
0.9996641526813619,3.358473186381161e-4,FALSE
0.9995680775027722,4.3192249722778797e-4,FALSE
0.9996641526813619,3.358473186381161e-4,FALSE
0.9997078530432191,2.921469567809254e-4,FALSE
0.9995432181749493,4.5678182505071163e-4,FALSE
0.999716227845056,2.8377215494401753e-4,FALSE
0.9997018389112782,2.9816108872182667e-4,FALSE
0.9994739979156293,5.260020843707025e-4,FALSE
0.9997441419400275,2.5585805997252464e-4,FALSE
0.9997146769019309,2.8532309806905687e-4,FALSE
0.999621130846208,3.7886915379203856e-4,FALSE
0.999634913430782,3.65086569217965e-4,FALSE
0.9994787434116006,5.212565883994102e-4,FALSE
0.9996429962047841,3.5700379521586e-4,FALSE
0.9996812051394954,3.187948605045676e-4,FALSE
0.9995514065667521,4.4859343324787915e-4,FALSE
0.9997159306367394,2.840693632606417e-4,FALSE
0.9996997319394723,3.002680605277419e-4,FALSE
0.9996095171081834,3.9048289181664586e-4,FALSE
0.9997208271233831,2.791728766169399e-4,FALSE
0.9994443855248392,5.556144751608372e-4,FALSE
0.999699392792536,3.006072074640542e-4,FALSE
0.999712660064688,2.873399353120476e-4,FALSE
0.9995870159182232,4.1298408177681267e-4,FALSE
0.9995192036731169,4.807963268831372e-4,FALSE
0.9995304959302302,4.69504069769755e-4,FALSE
0.9996889743197244,3.1102568027563393e-4,FALSE
0.9997283091943245,2.716908056754619e-4,FALSE
0.9997306014993228,2.6939850067719817e-4,FALSE
0.9996637108561117,3.362891438882798e-4,FALSE
0.9979284468572587,0.0020715531427413225,FALSE
0.9996650831017178,3.349168982822448e-4,FALSE
0.9996605061751325,3.3949382486753166e-4,FALSE
0.9993827514117584,6.172485882416368e-4,FALSE
0.9997112102282699,2.8878977173008025e-4,FALSE
0.9997223536774982,2.776463225018233e-4,FALSE
0.9996169302903581,3.8306970964185894e-4,FALSE
0.9996169302903581,3.8306970964185894e-4,FALSE
0.9996019931859337,3.9800681406632066e-4,FALSE
0.9997128832619637,2.871167380362749e-4,FALSE
0.9996913128125016,3.086871874984354e-4,FALSE
0.9996149771031924,3.850228968076408e-4,FALSE
0.9983618832193315,0.001638116780668497,FALSE
0.9995355238206685,4.6447617933154106e-4,FALSE
0.9994177232729271,5.822767270728946e-4,FALSE
0.9994523975765333,5.47602423466742e-4,FALSE
0.9993578324792907,6.421675207093358e-4,FALSE
0.999531920067966,4.6807993203401566e-4,FALSE
0.9995440421625972,4.559578374028206e-4,FALSE
0.999434006458614,5.659935413859785e-4,FALSE
0.9992020900826901,7.979099173098803e-4,FALSE
0.9995683491579257,4.316508420743048e-4,FALSE
0.9994901555473916,5.098444526083767e-4,FALSE
0.9996251663542353,3.748336457647383e-4,FALSE
0.99955601428519,4.4398571480996907e-4,FALSE
0.9985065934015438,0.001493406598456204,FALSE
0.9995440178026911,4.559821973089129e-4,FALSE
0.9995199007389601,4.80099261039868e-4,FALSE
0.9994142018840648,5.857981159351766e-4,FALSE
0.9993920365232043,6.079634767957032e-4,FALSE
0.9994841832085513,5.158167914487422e-4,FALSE
0.9997143216896802,2.856783103197813e-4,FALSE
0.9987530057551339,0.0012469942448660731,FALSE
0.9994194207247347,5.80579275265336e-4,FALSE
0.9997370484052226,2.6295159477740526e-4,FALSE
0.9996684202633332,3.315797366667539e-4,FALSE
0.99970830779057,2.9169220943003893e-4,FALSE
0.9996684202633332,3.315797366667539e-4,FALSE
0.9997604097734438,2.3959022655617446e-4,FALSE
0.9997370484052226,2.6295159477740526e-4,FALSE
0.9997641074442072,2.3589255579281598e-4,FALSE
0.999637210246874,3.627897531259805e-4,FALSE
0.9995297430141363,4.702569858636707e-4,FALSE
0.9995323651528452,4.676348471548408e-4,FALSE
0.9995425271044951,4.574728955049068e-4,FALSE
0.999637210246874,3.627897531259805e-4,FALSE
0.9995975594501942,4.024405498057604e-4,FALSE
0.999637210246874,3.627897531259805e-4,FALSE
0.999637210246874,3.627897531259805e-4,FALSE
0.9984264825470746,0.0015735174529254436,FALSE
0.999542718520388,4.5728147961199284e-4,FALSE
0.9994316722732037,5.683277267962694e-4,FALSE
0.9995603710704017,4.3962892959825695e-4,FALSE
0.9994450196390972,5.549803609028459e-4,FALSE
0.9992428174009547,7.571825990453362e-4,FALSE
0.9989265970652923,0.0010734029347077012,FALSE
0.9985295849619433,0.0014704150380566716,FALSE
0.9994772950885817,5.227049114182591e-4,FALSE
0.9992573527269997,7.426472730003297e-4,FALSE
0.9992035053437576,7.964946562424302e-4,FALSE
0.9991622393135913,8.377606864087284e-4,FALSE
0.9992712918901816,7.28708109818399e-4,FALSE
0.999523789039813,4.762109601870179e-4,FALSE
0.9991328874602914,8.671125397086143e-4,FALSE
0.998935841023922,0.0010641589760780334,FALSE
0.998995341011323,0.0010046589886769652,FALSE
0.9986405079253018,0.0013594920746982098,FALSE
0.9996609461959451,3.390538040548563e-4,FALSE
0.9997713089105673,2.2869108943268657e-4,FALSE
0.9996815915219486,3.18408478051424e-4,FALSE
0.9991255610948429,8.744389051571488e-4,FALSE
0.9995201478304807,4.7985216951929033e-4,FALSE
0.999518171447562,4.818285524379462e-4,FALSE
0.9995976618956774,4.023381043225527e-4,FALSE
0.9994879605947062,5.120394052937627e-4,FALSE
0.9985974308801815,0.0014025691198185086,FALSE
0.9995305711054243,4.6942889457568526e-4,FALSE
0.9993540008435957,6.459991564042866e-4,FALSE
0.9993109859060496,6.890140939503908e-4,FALSE
0.9996642371988855,3.3576280111446977e-4,FALSE
0.9992935035261326,7.064964738674462e-4,FALSE
0.9990446963347495,9.553036652505398e-4,FALSE
0.9996879014361184,3.1209856388159096e-4,FALSE
0.999719254206866,2.807457931339741e-4,FALSE
0.9996879014361184,3.1209856388159096e-4,FALSE
0.9996024470892735,3.9755291072651744e-4,FALSE
0.9996504727751017,3.495272248983383e-4,FALSE
0.999601847055601,3.981529443990439e-4,FALSE
0.9996970066567883,3.0299334321171045e-4,FALSE
0.9997088012751192,2.9119872488081455e-4,FALSE
0.9997420294967014,2.5797050329856575e-4,FALSE
0.9996546113397926,3.453886602073908e-4,FALSE
0.9997049056109972,2.950943890027702e-4,FALSE
0.999666866089683,3.331339103169739e-4,FALSE
0.9996751868748106,3.2481312518939376e-4,FALSE
0.9997114227153361,2.8857728466391563e-4,FALSE
0.9994692552718334,5.3074472816661e-4,FALSE
0.9997069011442363,2.930988557636738e-4,FALSE
0.999713187222369,2.868127776309848e-4,FALSE
0.9995912260783371,4.087739216629416e-4,FALSE
0.9996296005265322,3.7039947346784174e-4,FALSE
0.9994995499146171,5.004500853829086e-4,FALSE
0.9995007186662406,4.992813337594271e-4,FALSE
0.9985460569150746,0.0014539430849254131,FALSE
0.9995065716793761,4.934283206239343e-4,FALSE
0.9994793348596431,5.206651403568685e-4,FALSE
0.999644584429916,3.554155700840056e-4,FALSE
0.9995506284758449,4.493715241551399e-4,FALSE
0.9996724441298284,3.2755587017163634e-4,FALSE
0.999700194777688,2.998052223119885e-4,FALSE
0.9995895110478159,4.10488952184096e-4,FALSE
0.9995715398399625,4.2846016003750265e-4,FALSE
0.9996980419382453,3.019580617547035e-4,FALSE
0.9996439930109773,3.560069890227169e-4,FALSE
0.9995510489097796,4.4895109022036195e-4,FALSE
0.9996461602277122,3.538397722877562e-4,FALSE
0.9995372641424183,4.6273585758171976e-4,FALSE
0.9995532082975842,4.4679170241579413e-4,FALSE
0.999733265634859,2.667343651410192e-4,FALSE
0.9997357079992071,2.642920007929206e-4,FALSE
0.9996885473665316,3.114526334684342e-4,FALSE
0.9996385062695481,3.614937304519117e-4,FALSE
0.999225290317554,7.747096824459732e-4,FALSE
0.9996986427286174,3.0135727138258517e-4,FALSE
0.9996219627792016,3.780372207984328e-4,FALSE
0.9995192036731169,4.807963268831372e-4,FALSE
0.9995314964617137,4.685035382863134e-4,FALSE
0.999721610423876,2.7838957612402737e-4,FALSE
0.9995934307808056,4.065692191943526e-4,FALSE
0.9997041808383074,2.958191616926342e-4,FALSE
0.9995574053609744,4.4259463902562857e-4,FALSE
0.9996485857118387,3.514142881613225e-4,FALSE
0.9997222596721258,2.7774032787419856e-4,FALSE
0.9997215618495829,2.7843815041705966e-4,FALSE
0.9995935877086595,4.064122913405299e-4,FALSE
0.9996576019620989,3.423980379011482e-4,FALSE
0.9996992437518202,3.0075624817982316e-4,FALSE
0.9997663659014506,2.3363409854937345e-4,FALSE
0.9997063985501882,2.936014498118311e-4,FALSE
0.9996322183578741,3.6778164212591946e-4,FALSE
0.9996596576238517,3.403423761483282e-4,FALSE
0.9997187154076528,2.812845923472196e-4,FALSE
0.9993502924917266,6.497075082734227e-4,FALSE
0.9995424359512981,4.5756404870189726e-4,FALSE
0.9997663659014506,2.3363409854937345e-4,FALSE
0.99965839277138,3.4160722861997783e-4,FALSE
0.9997324717987794,2.675282012205571e-4,FALSE
0.9996710972918663,3.289027081336826e-4,FALSE
0.9995267471531406,4.732528468593955e-4,FALSE
0.9997217603377067,2.7823966229334474e-4,FALSE
0.9996434723434504,3.5652765654958785e-4,FALSE
0.9995950538141187,4.0494618588127196e-4,FALSE
0.9996265167719685,3.734832280315459e-4,FALSE
0.9996526611503214,3.473388496786356e-4,FALSE
0.9996920429694001,3.0795703059993684e-4,FALSE
0.9996709649567492,3.290350432507694e-4,FALSE
0.999379473621957,6.205263780429959e-4,FALSE
0.999472392606549,5.27607393451035e-4,FALSE
0.9992845511296764,7.154488703235984e-4,FALSE
0.9993735055322759,6.264944677241147e-4,FALSE
0.999562830053037,4.371699469629675e-4,FALSE
0.99934875004692,6.512499530799687e-4,FALSE
0.9996100349235348,3.8996507646515965e-4,FALSE
0.9996669959509745,3.33004049025476e-4,FALSE
0.9996519418491516,3.4805815084837377e-4,FALSE
0.9996104080055375,3.895919944625348e-4,FALSE
0.9997138009930495,2.861990069504827e-4,FALSE
0.9996212471160106,3.787528839893639e-4,FALSE
0.9994086673832498,5.913326167501509e-4,FALSE
0.9996315147145651,3.684852854348719e-4,FALSE
0.9996785539551638,3.214460448361933e-4,FALSE
0.9995131878531538,4.86812146846205e-4,FALSE
0.9994921344914474,5.078655085526407e-4,FALSE
0.9992770902463235,7.229097536765039e-4,FALSE
0.9995085824630223,4.914175369776785e-4,FALSE
0.9985450735548511,0.0014549264451488853,FALSE
0.9994942547637038,5.057452362962067e-4,FALSE
0.9995138523518108,4.8614764818921685e-4,FALSE
0.9995676503167488,4.323496832512319e-4,FALSE
0.9993224032223225,6.77596777677536e-4,FALSE
0.9987173794070259,0.0012826205929741263,FALSE
0.9997289007005747,2.7109929942525923e-4,FALSE
0.9995658451225609,4.341548774391413e-4,FALSE
0.999616115441313,3.8388455868698657e-4,FALSE
0.9996642484038603,3.357515961397439e-4,FALSE
0.9994998159818351,5.001840181648731e-4,FALSE
0.9995510681474116,4.4893185258843005e-4,FALSE
0.9996125702164136,3.8742978358641267e-4,FALSE
0.9996288214460947,3.7117855390533805e-4,FALSE
0.999550873413682,4.4912658631801605e-4,FALSE
0.9995928035641555,4.071964358445257e-4,FALSE
0.9995022440562025,4.977559437975287e-4,FALSE
0.999477605917491,5.223940825089812e-4,FALSE
0.9992901892401278,7.098107598721981e-4,FALSE
0.999417221348267,5.827786517329514e-4,FALSE
0.9996988894126844,3.011105873156339e-4,FALSE
0.9996493978251237,3.506021748762578e-4,FALSE
0.9996883620042354,3.1163799576461315e-4,FALSE
0.9996904699364677,3.0953006353229284e-4,FALSE
0.9995842905191239,4.1570948087610304e-4,FALSE
0.9995448294503149,4.551705496851355e-4,FALSE
0.9988628581631929,0.0011371418368071318,FALSE
0.9997370484052226,2.6295159477740526e-4,FALSE
0.9996459374960978,3.540625039022416e-4,FALSE
0.9997370484052226,2.6295159477740526e-4,FALSE
0.9996789508732036,3.210491267964244e-4,FALSE
0.9997615713073174,2.3842869268264621e-4,FALSE
0.9996049936162308,3.9500638376921415e-4,FALSE
0.9995619819965214,4.380180034786463e-4,FALSE
0.9996264629880898,3.735370119102299e-4,FALSE
0.9996421316755004,3.578683244995773e-4,FALSE
0.9996264629880898,3.735370119102299e-4,FALSE
0.9997177459008526,2.822540991473943e-4,FALSE
0.9996074048685841,3.9259513141587377e-4,FALSE
0.9996805756818503,3.1942431814968586e-4,FALSE
0.99961513269227,3.848673077300191e-4,FALSE
0.9996805756818503,3.1942431814968586e-4,FALSE
0.9997561520431191,2.4384795688092709e-4,FALSE
0.9996352602902334,3.6473970976658165e-4,FALSE
0.9996902352431789,3.0976475682109594e-4,FALSE
0.9996876421791967,3.1235782080329955e-4,FALSE
0.9994690139428712,5.309860571287572e-4,FALSE
0.9996944772137795,3.0552278622053564e-4,FALSE
0.9998207872413332,1.7921275866683573e-4,FALSE
0.9997969019168522,2.030980831477791e-4,FALSE
0.9995910405414179,4.0895945858210325e-4,FALSE
0.9997244462138042,2.755537861958146e-4,FALSE
0.9996083920705132,3.9160792948678136e-4,FALSE
0.9996455775108188,3.544224891811609e-4,FALSE
0.9995425881643314,4.5741183566860855e-4,FALSE
0.9997154619777575,2.845380222424865e-4,FALSE
0.9997631803562399,2.368196437601e-4,FALSE
0.9996590982773341,3.4090172266587615e-4,FALSE
0.99962068485911,3.7931514088995755e-4,FALSE
0.9995822621276602,4.177378723397851e-4,FALSE
0.9998005639354233,1.9943606457673013e-4,FALSE
0.9997276826470625,2.7231735293753445e-4,FALSE
0.9997276826470625,2.7231735293753445e-4,FALSE
0.9997107991366647,2.892008633352816e-4,FALSE
0.9995550652383827,4.449347616173327e-4,FALSE
0.9998129668820184,1.8703311798162758e-4,FALSE
0.9996986955811735,3.0130441882647574e-4,FALSE
0.9996923510916531,3.076489083468914e-4,FALSE
0.9997661211964441,2.3387880355585366e-4,FALSE
0.9997385585447773,2.6144145522266626e-4,FALSE
0.9997455116536003,2.544883463997394e-4,FALSE
0.9997159349732101,2.8406502678990364e-4,FALSE
0.9996986955811735,3.0130441882647574e-4,FALSE
0.9996982830925845,3.01716907415539e-4,FALSE
0.9996456369699445,3.543630300555378e-4,FALSE
0.9994407775229774,5.592224770225585e-4,FALSE
0.9994521015323699,5.478984676301479e-4,FALSE
0.9996309149428271,3.690850571729243e-4,FALSE
0.9995425506494939,4.574493505060673e-4,FALSE
0.9997174631862435,2.82536813756451e-4,FALSE
0.9997526089136954,2.473910863045603e-4,FALSE
0.9997547334351111,2.4526656488887966e-4,FALSE
0.9997474944975693,2.525055024307221e-4,FALSE
0.9997295326902531,2.7046730974689126e-4,FALSE
0.9997474944975693,2.525055024307221e-4,FALSE
0.9996251495322213,3.748504677787423e-4,FALSE
0.9996251495322213,3.748504677787423e-4,FALSE
0.9997723714041058,2.276285958942026e-4,FALSE
0.9997456811834127,2.543188165873289e-4,FALSE
0.9997815499809803,2.1845001901965588e-4,FALSE
0.9994007691857405,5.992308142594993e-4,FALSE
0.9997082332556602,2.917667443398386e-4,FALSE
0.9996314757154323,3.6852428456768394e-4,FALSE
0.9994279009988531,5.72099001146853e-4,FALSE
0.9997238600044511,2.7613999554887414e-4,FALSE
0.9997263005061541,2.7369949384592474e-4,FALSE
0.9994480418972671,5.519581027328968e-4,FALSE
0.9997069011442363,2.930988557636738e-4,FALSE
0.9996309230336919,3.690769663080573e-4,FALSE
0.9997044731571805,2.955268428195268e-4,FALSE
0.9997157287725713,2.842712274286896e-4,FALSE
0.9995580853428692,4.4191465713083744e-4,FALSE
0.9995580853428692,4.4191465713083744e-4,FALSE
0.9993885993608274,6.114006391726434e-4,FALSE
0.9991855781991035,8.144218008965254e-4,FALSE
0.9996426471625455,3.573528374545276e-4,FALSE
0.9995864238007925,4.135761992074549e-4,FALSE
0.999598278925987,4.0172107401303947e-4,FALSE
0.999598278925987,4.0172107401303947e-4,FALSE
0.9994949484826066,5.0505151739344e-4,FALSE
0.9994550364208408,5.4496357915923e-4,FALSE
0.999674583086744,3.2541691325604916e-4,FALSE
0.999659376044292,3.406239557079971e-4,FALSE
0.9996389557200018,3.6104427999816835e-4,FALSE
0.9996303550724406,3.6964492755942047e-4,FALSE
0.9998536482744385,1.463517255615443e-4,FALSE
0.9996100977878086,3.899022121913731e-4,FALSE
0.9996212745318189,3.7872546818107367e-4,FALSE
0.999435011704918,5.649882950820029e-4,FALSE
0.9995029713027179,4.970286972820759e-4,FALSE
0.9995209704211447,4.790295788552612e-4,FALSE
0.9994817930855788,5.18206914421171e-4,FALSE
0.9996096462709829,3.903537290170789e-4,FALSE
0.9996178020955995,3.821979044005275e-4,FALSE
0.9995327020296827,4.6729797031730413e-4,FALSE
0.9991763667203486,8.236332796514034e-4,FALSE
0.9995952078024857,4.047921975143254e-4,FALSE
0.9996931092173327,3.0689078266732395e-4,FALSE
0.99973215276259,2.678472374100238e-4,FALSE
0.9997272377950139,2.727622049860656e-4,FALSE
0.9995283221069258,4.7167789307422936e-4,FALSE
0.9996875590586569,3.12440941343084e-4,FALSE
0.9997091214754619,2.9087852453812957e-4,FALSE
0.999608874466503,3.91125533496961e-4,FALSE
0.9996002337429672,3.9976625703275204e-4,FALSE
0.9995238984120078,4.761015879921615e-4,FALSE
0.9996679089963436,3.3209100365638733e-4,FALSE
0.9997173802112229,2.8261978877708316e-4,FALSE
0.9997256999195088,2.743000804912299e-4,FALSE
0.9995214541850146,4.785458149854094e-4,FALSE
0.9998148955637589,1.851044362410903e-4,FALSE
0.9998552850738633,1.447149261366576e-4,FALSE
0.9998552850738633,1.447149261366576e-4,FALSE
0.999834315472981,1.656845270190388e-4,FALSE
0.9998574423225364,1.4255767746362835e-4,FALSE
0.9998105766717345,1.8942332826554775e-4,FALSE
0.9998432319989661,1.5676800103392452e-4,FALSE
0.9998540533997584,1.4594660024158657e-4,FALSE
0.9997820085554849,2.1799144451506436e-4,FALSE
0.9997854860848747,2.1451391512528062e-4,FALSE
0.9997136688907631,2.8633110923692584e-4,FALSE
0.9996256266604178,3.743733395822346e-4,FALSE
0.9997194570023566,2.8054299764335155e-4,FALSE
0.9992536421632394,7.463578367605805e-4,FALSE
0.99945332063362,5.466793663799763e-4,FALSE
0.9995959996012971,4.040003987029195e-4,FALSE
0.9992892327718437,7.107672281563282e-4,FALSE
0.999642830400262,3.57169599737972e-4,FALSE
0.9996778655331582,3.221344668418169e-4,FALSE
0.9997376158717088,2.6238412829115987e-4,FALSE
0.9996637643780559,3.3623562194406986e-4,FALSE
0.9996199370361865,3.800629638135433e-4,FALSE
0.9996091506327502,3.9084936724975705e-4,FALSE
0.9996504278096836,3.4957219031639397e-4,FALSE
0.9996504278096836,3.4957219031639397e-4,FALSE
0.9997192978335079,2.8070216649211943e-4,FALSE
0.9996544071182143,3.455928817857057e-4,FALSE
0.9996963597659487,3.036402340512723e-4,FALSE
0.9996977141418029,3.022858581971377e-4,FALSE
0.9997308328165673,2.6916718343272805e-4,FALSE
0.9997411765798461,2.588234201539308e-4,FALSE
0.9996887939923909,3.1120600760914385e-4,FALSE
0.9991821618750691,8.178381249308586e-4,FALSE
0.9996663931815419,3.336068184580654e-4,FALSE
0.999621130846208,3.7886915379203856e-4,FALSE
0.9996239655592944,3.760344407055527e-4,FALSE
0.9996473274950404,3.52672504959628e-4,FALSE
0.999487743305508,5.122566944919527e-4,FALSE
0.999483406310901,5.165936890989542e-4,FALSE
0.9997100692125969,2.899307874031365e-4,FALSE
0.9995218636468053,4.781363531947136e-4,FALSE
0.9996510458004195,3.489541995804757e-4,FALSE
0.99956814586767,4.318541323300451e-4,FALSE
0.9997041808383074,2.958191616926342e-4,FALSE
0.999712660064688,2.873399353120476e-4,FALSE
0.9997041808383074,2.958191616926342e-4,FALSE
0.9997041808383074,2.958191616926342e-4,FALSE
0.9995792587578762,4.2074124212376773e-4,FALSE
0.9997078530432191,2.921469567809254e-4,FALSE
0.9996507705654949,3.49229434505105e-4,FALSE
0.9996870719769504,3.129280230496079e-4,FALSE
0.9997078530432191,2.921469567809254e-4,FALSE
0.9997078530432191,2.921469567809254e-4,FALSE
0.9997053672268521,2.9463277314789593e-4,FALSE
0.9997053672268521,2.9463277314789593e-4,FALSE
0.9997053672268521,2.9463277314789593e-4,FALSE
0.9996204728959128,3.7952710408717394e-4,FALSE
0.9997053672268521,2.9463277314789593e-4,FALSE
0.9997053672268521,2.9463277314789593e-4,FALSE
0.9996695166337304,3.3048336626961827e-4,FALSE
0.9996911502967123,3.088497032877058e-4,FALSE
0.999788832035847,2.1116796415299177e-4,FALSE
0.9997814893577015,2.1851064229849726e-4,FALSE
0.9998026377870701,1.9736221292987466e-4,FALSE
0.9997795895906165,2.2041040938347578e-4,FALSE
0.9997090097167529,2.909902832470834e-4,FALSE
0.9998058129422134,1.9418705778662115e-4,FALSE
0.9992348867235705,7.651132764294744e-4,FALSE
0.999128288065549,8.717119344510138e-4,FALSE
0.9995110234594904,4.889765405096114e-4,FALSE
0.9994964333600365,5.035666399635375e-4,FALSE
0.9996456163644325,3.543836355675012e-4,FALSE
0.999677463871194,3.225361288059503e-4,FALSE
0.9996456163644325,3.543836355675012e-4,FALSE
0.9996815933263861,3.184066736139357e-4,FALSE
0.9996846289432142,3.15371056785807e-4,FALSE
0.9996846289432142,3.15371056785807e-4,FALSE
0.999627464421792,3.7253557820804417e-4,FALSE
0.9997507912339643,2.492087660357356e-4,FALSE
0.9990872992784716,9.127007215283811e-4,FALSE
0.9995571441249922,4.428558750078082e-4,FALSE
0.9993907696334645,6.092303665354848e-4,FALSE
0.9995486063126009,4.5139368739910424e-4,FALSE
0.9997466427448671,2.533572551328689e-4,FALSE
0.9997466427448671,2.533572551328689e-4,FALSE
0.9993367354618385,6.632645381614566e-4,FALSE
0.9997246213897597,2.7537861024029553e-4,FALSE
0.9997699699306395,2.3003006936050951e-4,FALSE
0.9997699699306395,2.3003006936050951e-4,FALSE
0.9997265402053017,2.734597946982831e-4,FALSE
0.999751370807644,2.486291923560202e-4,FALSE
0.999751370807644,2.486291923560202e-4,FALSE
0.9997491824615281,2.508175384718925e-4,FALSE
0.9997310636972543,2.689363027457148e-4,FALSE
0.9997387740586419,2.6122594135813415e-4,FALSE
0.9996443576528691,3.5564234713092446e-4,FALSE
0.9997547334351111,2.4526656488887966e-4,FALSE
0.999671531637432,3.284683625679463e-4,FALSE
0.9997661211964441,2.3387880355585366e-4,FALSE
0.9997728267044295,2.2717329557053745e-4,FALSE
0.9996900343976449,3.0996560235507786e-4,FALSE
0.9997148093534634,2.851906465366483e-4,FALSE
0.9996221555629745,3.778444370254874e-4,FALSE
0.999732231895905,2.6776810409501195e-4,FALSE
0.9997520066972356,2.4799330276437104e-4,FALSE
0.9996493059152272,3.5069408477284014e-4,FALSE
0.9997433226672001,2.566773327998817e-4,FALSE
0.99973883308121,2.611669187899679e-4,FALSE
0.9995876728789881,4.123271210119128e-4,FALSE
0.9997487217187881,2.5127828121185303e-4,FALSE
0.9994235478807241,5.764521192759275e-4,FALSE
0.9995412380085327,4.587619914673269e-4,FALSE
0.9995404492656235,4.595507343765348e-4,FALSE
0.9994734335923567,5.265664076432586e-4,FALSE
0.9995642059948295,4.357940051704645e-4,FALSE
0.9997672778845299,2.3272211547009647e-4,FALSE
0.9997623116796603,2.3768832033965737e-4,FALSE
0.9997370484052226,2.6295159477740526e-4,FALSE
0.9996539132262114,3.4608677378855646e-4,FALSE
0.9997455257107504,2.544742892496288e-4,FALSE
0.9996873567579314,3.1264324206858873e-4,FALSE
0.9997553670255002,2.4463297449983656e-4,FALSE
0.999672331061447,3.2766893855296075e-4,FALSE
0.9997624673269456,2.3753267305437475e-4,FALSE
0.9996992597880308,3.007402119692415e-4,FALSE
0.9997605664393632,2.3943356063682586e-4,FALSE
0.9997478762525134,2.5212374748662114e-4,FALSE
0.9997564085788326,2.435914211673662e-4,FALSE
0.9995925752737094,4.074247262906283e-4,FALSE
0.9997575354063883,2.4246459361165762e-4,FALSE
0.9996012932970189,3.987067029811442e-4,FALSE
0.9997458995785564,2.541004214435816e-4,FALSE
0.9996530794596765,3.4692054032348096e-4,FALSE
0.9996019700192846,3.980299807153642e-4,FALSE
0.999465539760422,5.344602395780385e-4,FALSE
0.9996917110111099,3.0828898889012635e-4,FALSE
0.9996580237639137,3.4197623608633876e-4,FALSE
0.999681247107219,3.18752892781049e-4,FALSE
0.9997088717937004,2.911282062996179e-4,FALSE
0.9995941854431294,4.058145568706095e-4,FALSE
0.9995810849650297,4.189150349702686e-4,FALSE
0.999570113257505,4.2988674249500036e-4,FALSE
0.9995248795021325,4.75120497867465e-4,FALSE
0.9995620650879573,4.379349120426923e-4,FALSE
0.99958814427373,4.118557262700051e-4,FALSE
0.9996133885288145,3.866114711854607e-4,FALSE
0.9997223465179559,2.7765348204411566e-4,FALSE
0.9996165726042818,3.834273957181722e-4,FALSE
0.9992969437153079,7.030562846921384e-4,FALSE
0.9995620254194364,4.3797458056360483e-4,FALSE
0.9996053907088935,3.946092911064625e-4,FALSE
0.9997091769473627,2.9082305263727903e-4,FALSE
0.9996291616989765,3.708383010234684e-4,FALSE
0.9996001449471805,3.9985505281947553e-4,FALSE
0.9995306176424492,4.6938235755078495e-4,FALSE
0.9995347395015415,4.652604984585196e-4,FALSE
0.999682647670852,3.173523291479796e-4,FALSE
0.9997241173696239,2.7588263037614524e-4,FALSE
0.9997020463924855,2.979536075145006e-4,FALSE
0.9997020463924855,2.979536075145006e-4,FALSE
0.9995917078340426,4.0829216595739126e-4,FALSE
0.9994048150838353,5.95184916164726e-4,FALSE
0.9996855275530834,3.144724469166249e-4,FALSE
0.9996837374055758,3.1626259442418814e-4,FALSE
0.9996757379267365,3.2426207326352596e-4,FALSE
0.9993440358084626,6.559641915373504e-4,FALSE
0.9995368400414009,4.631599585991353e-4,FALSE
0.9996737256878987,3.2627431210130453e-4,FALSE
0.9989744945196435,0.0010255054803565145,FALSE
0.9996330252906773,3.6697470932267606e-4,FALSE
0.9993413547053933,6.586452946066856e-4,FALSE
0.9991881970781833,8.118029218167067e-4,FALSE
0.9995510600274429,4.489399725571275e-4,FALSE
0.9996522778237704,3.4772217622958124e-4,FALSE
0.999597349553369,4.0265044663101435e-4,FALSE
0.9996108883351553,3.8911166484467685e-4,FALSE
0.9996016834338661,3.983165661338717e-4,FALSE
0.9997190964932088,2.809035067912191e-4,FALSE
0.9997332424973138,2.6675750268623233e-4,FALSE
0.9995448681002017,4.5513189979828894e-4,FALSE
0.9996357432974037,3.642567025963217e-4,FALSE
0.9997222747770138,2.777252229861915e-4,FALSE
0.9996539742569439,3.460257430560887e-4,FALSE
0.9996535005629994,3.464994370006025e-4,FALSE
0.9995380679611117,4.6193203888833523e-4,FALSE
0.9993719475460239,6.280524539761245e-4,FALSE
0.9993550742510706,6.449257489293814e-4,FALSE
0.999695340229664,3.046597703360021e-4,FALSE
0.999610545404721,3.8945459527894855e-4,FALSE
0.9996372911846265,3.627088153734803e-4,FALSE
0.9996033786737826,3.9662132621742785e-4,FALSE
0.9995667224284261,4.332775715738535e-4,FALSE
0.9996645216306206,3.354783693794161e-4,FALSE
0.9996402129472699,3.5978705273009837e-4,FALSE
0.9997298890957609,2.701109042391181e-4,FALSE
0.9996302806830499,3.697193169500679e-4,FALSE
0.9997398998821154,2.601001178845763e-4,FALSE
0.9997419645660557,2.580354339443147e-4,FALSE
0.9996637643780559,3.3623562194406986e-4,FALSE
0.9992570730973966,7.42926902603358e-4,FALSE
0.9997371090576053,2.6289094239473343e-4,FALSE
0.9996665403887164,3.3345961128361523e-4,FALSE
0.9997022059687879,2.9779403121210635e-4,FALSE
0.9996568038768601,3.4319612313993275e-4,FALSE
0.9997194570023566,2.8054299764335155e-4,FALSE
0.9994819802814163,5.180197185836732e-4,FALSE
0.9997096130391583,2.9038696084171534e-4,FALSE
0.9996977141418029,3.022858581971377e-4,FALSE
0.9997419645660557,2.580354339443147e-4,FALSE
0.9996617522265296,3.3824777347035706e-4,FALSE
0.9996324346284382,3.675653715617955e-4,FALSE
0.9997244879778009,2.755120221991092e-4,FALSE
0.9997220246877987,2.779753122013062e-4,FALSE
0.9997189510322642,2.8104896773584187e-4,FALSE
0.9996250751719344,3.7492482806555927e-4,FALSE
0.9996391301974654,3.6086980253458023e-4,FALSE
0.999712660064688,2.873399353120476e-4,FALSE
0.9997094657155685,2.905342844314873e-4,FALSE
0.9995779717282858,4.220282717142254e-4,FALSE
0.9994826533365995,5.173466634005308e-4,FALSE
0.9996193728875369,3.8062711246311665e-4,FALSE
0.9996524743328337,3.4752566716633737e-4,FALSE
0.9997359847475309,2.640152524691075e-4,FALSE
0.9994579126941971,5.420873058028519e-4,FALSE
0.9997231772867963,2.768227132037282e-4,FALSE
0.9997318072710186,2.681927289813757e-4,FALSE
0.9991758375545032,8.241624454967678e-4,FALSE
0.9993823894765228,6.176105234771967e-4,FALSE
0.9996557428385131,3.442571614868939e-4,FALSE
0.9995194053044543,4.80594695545733e-4,FALSE
0.9993563336902298,6.436663097701967e-4,FALSE
0.9993862985284068,6.13701471593231e-4,FALSE
0.9996397437644191,3.6025623558089137e-4,FALSE
0.9994840391445905,5.15960855409503e-4,FALSE
0.9997395090176724,2.6049098232761025e-4,FALSE
0.9997278038645163,2.7219613548368216e-4,FALSE
0.9996730023121927,3.2699768780730665e-4,FALSE
0.9994114658329636,5.885341670364141e-4,FALSE
0.9996724337979686,3.275662020314485e-4,FALSE
0.9996994120301679,3.005879698321223e-4,FALSE
0.9996272470161784,3.7275298382155597e-4,FALSE
0.9995136428624392,4.863571375608444e-4,FALSE
0.9995762047765311,4.2379522346891463e-4,FALSE
0.9995147537556477,4.852462443523109e-4,FALSE
0.9996729948325083,3.2700516749173403e-4,FALSE
0.999603994860081,3.960051399189979e-4,FALSE
0.999662740592612,3.372594073880464e-4,FALSE
